"rep","Dose","Sex","Mated"
2,6,"Male","No"
2,6,"Male","Yes"
2,6,"Male","No"
2,6,"Male","Yes"
2,6,"Male","No"
2,6,"Male","Yes"
2,6,"Male","Yes"
2,6,"Male","Yes"
2,6,"Male","No"
2,6,"Male","No"
2,6,"Male","Yes"
2,6,"Male","Yes"
2,6,"Male","No"
2,6,"Male","No"
2,6,"Male","No"
2,6,"Male","No"
2,6,"Male","Yes"
2,6,"Male","No"
2,6,"Male","Yes"
2,6,"Male","Yes"
2,6,"Male","Yes"
2,6,"Male","Yes"
2,6,"Male","Yes"
2,6,"Male","No"
2,6,"Male","No"
2,6,"Male","No"
2,6,"Male","Yes"
2,6,"Male","Yes"
2,6,"Male","No"
2,6,"Male","Yes"
2,6,"Female","Yes"
2,6,"Female","No"
2,6,"Female","Yes"
2,6,"Female","No"
2,6,"Female","No"
2,6,"Female","Yes"
2,6,"Female","No"
2,6,"Female","Yes"
2,6,"Female","No"
2,6,"Female","No"
2,6,"Female","No"
2,6,"Female","No"
2,6,"Female","No"
2,6,"Female","No"
2,6,"Female","No"
2,6,"Female","No"
2,6,"Female","No"
2,6,"Female","No"
2,6,"Female","No"
2,6,"Female","Yes"
2,6,"Female","Yes"
2,6,"Female","Yes"
2,6,"Female","No"
2,6,"Female","No"
2,6,"Female","No"
2,6,"Female","Yes"
2,6,"Female","No"
2,6,"Female","No"
2,6,"Female","No"
2,6,"Female","No"
2,177,"Male","No"
2,177,"Male","No"
2,177,"Male","No"
2,177,"Male","No"
2,177,"Male","Yes"
2,177,"Male","No"
2,177,"Male","Yes"
2,177,"Male","Yes"
2,177,"Male","Yes"
2,177,"Male","Yes"
2,177,"Male","Yes"
2,177,"Male","No"
2,177,"Male","No"
2,177,"Male","Yes"
2,177,"Male","No"
2,177,"Male","Yes"
2,177,"Male","Yes"
2,177,"Male","Yes"
2,177,"Male","Yes"
2,177,"Male","Yes"
2,177,"Male","No"
2,177,"Male","No"
2,177,"Male","No"
2,177,"Male","No"
2,177,"Male","No"
2,177,"Male","Yes"
2,177,"Male","No"
2,177,"Male","No"
2,177,"Male","Yes"
2,177,"Male","No"
2,177,"Female","Yes"
2,177,"Female","No"
2,177,"Female","No"
2,177,"Female","No"
2,177,"Female","No"
2,177,"Female","Yes"
2,177,"Female","No"
2,177,"Female","No"
2,177,"Female","Yes"
2,177,"Female","Yes"
2,177,"Female","No"
2,177,"Female","No"
2,177,"Female","Yes"
2,177,"Female","Yes"
2,177,"Female","Yes"
2,177,"Female","Yes"
2,177,"Female","No"
2,177,"Female","No"
2,177,"Female","Yes"
2,177,"Female","Yes"
2,177,"Female","No"
2,177,"Female","No"
2,177,"Female","Yes"
2,177,"Female","No"
2,177,"Female","Yes"
2,177,"Female","Yes"
2,177,"Female","No"
2,177,"Female","No"
2,177,"Female","Yes"
2,177,"Female","Yes"
2,211,"Male","Yes"
2,211,"Male","Yes"
2,211,"Male","No"
2,211,"Male","No"
2,211,"Male","No"
2,211,"Male","Yes"
2,211,"Male","Yes"
2,211,"Male","No"
2,211,"Male","Yes"
2,211,"Male","Yes"
2,211,"Male","Yes"
2,211,"Male","Yes"
2,211,"Male","Yes"
2,211,"Male","Yes"
2,211,"Male","Yes"
2,211,"Male","Yes"
2,211,"Male","No"
2,211,"Male","Yes"
2,211,"Male","No"
2,211,"Male","Yes"
2,211,"Male","Yes"
2,211,"Male","Yes"
2,211,"Male","Yes"
2,211,"Male","Yes"
2,211,"Male","Yes"
2,211,"Male","No"
2,211,"Male","Yes"
2,211,"Male","Yes"
2,211,"Male","Yes"
2,211,"Male","Yes"
2,211,"Female","Yes"
2,211,"Female","No"
2,211,"Female","Yes"
2,211,"Female","No"
2,211,"Female","Yes"
2,211,"Female","Yes"
2,211,"Female","Yes"
2,211,"Female","No"
2,211,"Female","Yes"
2,211,"Female","Yes"
2,211,"Female","Yes"
2,211,"Female","No"
2,211,"Female","Yes"
2,211,"Female","Yes"
2,211,"Female","No"
2,211,"Female","No"
2,211,"Female","Yes"
2,211,"Female","No"
2,211,"Female","Yes"
2,211,"Female","No"
2,211,"Female","Yes"
2,211,"Female","Yes"
2,211,"Female","No"
2,211,"Female","No"
2,211,"Female","No"
2,211,"Female","No"
2,211,"Female","Yes"
2,211,"Female","No"
2,211,"Female","Yes"
2,211,"Female","Yes"
2,405,"Male","No"
2,405,"Male","No"
2,405,"Male","No"
2,405,"Male","Yes"
2,405,"Male","No"
2,405,"Male","No"
2,405,"Male","No"
2,405,"Male","No"
2,405,"Male","No"
2,405,"Male","Yes"
2,405,"Male","No"
2,405,"Male","No"
2,405,"Male","Yes"
2,405,"Male","No"
2,405,"Male","No"
2,405,"Male","No"
2,405,"Male","Yes"
2,405,"Male","No"
2,405,"Male","No"
2,405,"Male","Yes"
2,405,"Male","Yes"
2,405,"Male","Yes"
2,405,"Male","Yes"
2,405,"Male","No"
2,405,"Male","No"
2,405,"Male","Yes"
2,405,"Male","No"
2,405,"Male","No"
2,405,"Male","Yes"
2,405,"Male","Yes"
2,405,"Female","Yes"
2,405,"Female","Yes"
2,405,"Female","Yes"
2,405,"Female","Yes"
2,405,"Female","Yes"
2,405,"Female","Yes"
2,405,"Female","No"
2,405,"Female","Yes"
2,405,"Female","Yes"
2,405,"Female","Yes"
2,405,"Female","Yes"
2,405,"Female","No"
2,405,"Female","Yes"
2,405,"Female","No"
2,405,"Female","Yes"
2,405,"Female","Yes"
2,405,"Female","Yes"
2,405,"Female","Yes"
2,405,"Female","Yes"
2,405,"Female","Yes"
2,405,"Female","No"
2,405,"Female","No"
2,405,"Female","Yes"
2,405,"Female","No"
2,405,"Female","Yes"
2,405,"Female","No"
2,405,"Female","No"
2,405,"Female","No"
2,405,"Female","No"
2,405,"Female","No"
2,445,"Male","Yes"
2,445,"Male","Yes"
2,445,"Male","No"
2,445,"Male","Yes"
2,445,"Male","No"
2,445,"Male","Yes"
2,445,"Male","Yes"
2,445,"Male","Yes"
2,445,"Male","Yes"
2,445,"Male","No"
2,445,"Male","No"
2,445,"Male","Yes"
2,445,"Male","Yes"
2,445,"Male","Yes"
2,445,"Male","Yes"
2,445,"Male","Yes"
2,445,"Male","Yes"
2,445,"Male","Yes"
2,445,"Male","No"
2,445,"Male","Yes"
2,445,"Male","Yes"
2,445,"Male","No"
2,445,"Male","Yes"
2,445,"Male","Yes"
2,445,"Male","Yes"
2,445,"Male","Yes"
2,445,"Male","Yes"
2,445,"Male","No"
2,445,"Male","Yes"
2,445,"Male","Yes"
2,445,"Female","Yes"
2,445,"Female","No"
2,445,"Female","No"
2,445,"Female","Yes"
2,445,"Female","No"
2,445,"Female","No"
2,445,"Female","No"
2,445,"Female","No"
2,445,"Female","Yes"
2,445,"Female","No"
2,445,"Female","Yes"
2,445,"Female","Yes"
2,445,"Female","Yes"
2,445,"Female","No"
2,445,"Female","Yes"
2,445,"Female","No"
2,445,"Female","Yes"
2,445,"Female","Yes"
2,445,"Female","No"
2,445,"Female","No"
2,445,"Female","Yes"
2,445,"Female","Yes"
2,445,"Female","No"
2,445,"Female","No"
2,445,"Female","Yes"
2,445,"Female","No"
2,445,"Female","No"
2,445,"Female","Yes"
2,445,"Female","No"
2,445,"Female","Yes"
2,0,"Male","No"
2,0,"Male","Yes"
2,0,"Male","Yes"
2,0,"Male","Yes"
2,0,"Male","Yes"
2,0,"Male","Yes"
2,0,"Male","Yes"
2,0,"Male","No"
2,0,"Male","Yes"
2,0,"Male","Yes"
2,0,"Male","Yes"
2,0,"Male","Yes"
2,0,"Male","Yes"
2,0,"Male","Yes"
2,0,"Male","No"
2,0,"Male","Yes"
2,0,"Male","No"
2,0,"Male","No"
2,0,"Male","Yes"
2,0,"Male","Yes"
2,0,"Male","Yes"
2,0,"Male","Yes"
2,0,"Male","No"
2,0,"Male","Yes"
2,0,"Male","Yes"
2,0,"Male","Yes"
2,0,"Male","No"
2,0,"Male","Yes"
2,0,"Male","Yes"
2,0,"Male","Yes"
2,0,"Female","No"
2,0,"Female","No"
2,0,"Female","Yes"
2,0,"Female","No"
2,0,"Female","No"
2,0,"Female","Yes"
2,0,"Female","No"
2,0,"Female","Yes"
2,0,"Female","No"
2,0,"Female","Yes"
2,0,"Female","No"
2,0,"Female","Yes"
2,0,"Female","No"
2,0,"Female","No"
2,0,"Female","Yes"
2,0,"Female","No"
2,0,"Female","No"
2,0,"Female","Yes"
2,0,"Female","Yes"
2,0,"Female","Yes"
2,0,"Female","No"
2,0,"Female","Yes"
2,0,"Female","Yes"
2,0,"Female","No"
2,0,"Female","No"
2,0,"Female","Yes"
2,0,"Female","Yes"
2,0,"Female","No"
2,0,"Female","Yes"
2,0,"Female","Yes"
3,6,"Male","No"
3,6,"Male","Yes"
3,6,"Male","No"
3,6,"Male","No"
3,6,"Male","No"
3,6,"Male","No"
3,6,"Male","No"
3,6,"Male","No"
3,6,"Male","Yes"
3,6,"Male","Yes"
3,6,"Male","Yes"
3,6,"Male","Yes"
3,6,"Male","Yes"
3,6,"Male","No"
3,6,"Male","No"
3,6,"Male","Yes"
3,6,"Male","No"
3,6,"Male","Yes"
3,6,"Male","No"
3,6,"Male","No"
3,6,"Male","Yes"
3,6,"Male","No"
3,6,"Male","No"
3,6,"Male","No"
3,6,"Male","Yes"
3,6,"Male","No"
3,6,"Male","Yes"
3,6,"Male","Yes"
3,6,"Male","Yes"
3,6,"Male","Yes"
3,6,"Female","Yes"
3,6,"Female","Yes"
3,6,"Female","Yes"
3,6,"Female","No"
3,6,"Female","No"
3,6,"Female","Yes"
3,6,"Female","Yes"
3,6,"Female","Yes"
3,6,"Female","Yes"
3,6,"Female","No"
3,6,"Female","Yes"
3,6,"Female","Yes"
3,6,"Female","Yes"
3,6,"Female","No"
3,6,"Female","No"
3,6,"Female","No"
3,6,"Female","No"
3,6,"Female","No"
3,6,"Female","Yes"
3,6,"Female","Yes"
3,6,"Female","No"
3,6,"Female","No"
3,6,"Female","Yes"
3,6,"Female","Yes"
3,6,"Female","Yes"
3,6,"Female","Yes"
3,6,"Female","Yes"
3,6,"Female","No"
3,6,"Female","No"
3,6,"Female","Yes"
3,176,"Male","No"
3,176,"Male","No"
3,176,"Male","No"
3,176,"Male","No"
3,176,"Male","No"
3,176,"Male","No"
3,176,"Male","No"
3,176,"Male","Yes"
3,176,"Male","No"
3,176,"Male","No"
3,176,"Male","Yes"
3,176,"Male","No"
3,176,"Male","Yes"
3,176,"Male","No"
3,176,"Male","Yes"
3,176,"Male","Yes"
3,176,"Male","Yes"
3,176,"Male","Yes"
3,176,"Male","Yes"
3,176,"Male","Yes"
3,176,"Male","No"
3,176,"Male","No"
3,176,"Male","Yes"
3,176,"Male","Yes"
3,176,"Male","Yes"
3,176,"Male","Yes"
3,176,"Male","No"
3,176,"Male","Yes"
3,176,"Male","No"
3,176,"Male","Yes"
3,176,"Female","No"
3,176,"Female","No"
3,176,"Female","No"
3,176,"Female","No"
3,176,"Female","Yes"
3,176,"Female","No"
3,176,"Female","No"
3,176,"Female","No"
3,176,"Female","Yes"
3,176,"Female","No"
3,176,"Female","Yes"
3,176,"Female","No"
3,176,"Female","No"
3,176,"Female","Yes"
3,176,"Female","No"
3,176,"Female","Yes"
3,176,"Female","No"
3,176,"Female","No"
3,176,"Female","Yes"
3,176,"Female","No"
3,176,"Female","No"
3,176,"Female","No"
3,176,"Female","No"
3,176,"Female","No"
3,176,"Female","No"
3,176,"Female","No"
3,176,"Female","Yes"
3,176,"Female","Yes"
3,176,"Female","No"
3,176,"Female","No"
3,208,"Male","Yes"
3,208,"Male","No"
3,208,"Male","No"
3,208,"Male","Yes"
3,208,"Male","No"
3,208,"Male","Yes"
3,208,"Male","No"
3,208,"Male","No"
3,208,"Male","No"
3,208,"Male","Yes"
3,208,"Male","No"
3,208,"Male","Yes"
3,208,"Male","No"
3,208,"Male","Yes"
3,208,"Male","Yes"
3,208,"Male","Yes"
3,208,"Male","Yes"
3,208,"Male","No"
3,208,"Male","No"
3,208,"Male","No"
3,208,"Male","Yes"
3,208,"Male","Yes"
3,208,"Male","Yes"
3,208,"Male","No"
3,208,"Male","Yes"
3,208,"Male","No"
3,208,"Male","No"
3,208,"Male","No"
3,208,"Male","No"
3,208,"Male","Yes"
3,208,"Female","No"
3,208,"Female","Yes"
3,208,"Female","Yes"
3,208,"Female","No"
3,208,"Female","Yes"
3,208,"Female","Yes"
3,208,"Female","Yes"
3,208,"Female","No"
3,208,"Female","Yes"
3,208,"Female","No"
3,208,"Female","Yes"
3,208,"Female","No"
3,208,"Female","No"
3,208,"Female","Yes"
3,208,"Female","Yes"
3,208,"Female","Yes"
3,208,"Female","No"
3,208,"Female","Yes"
3,208,"Female","No"
3,208,"Female","Yes"
3,208,"Female","Yes"
3,208,"Female","Yes"
3,208,"Female","Yes"
3,208,"Female","Yes"
3,208,"Female","Yes"
3,208,"Female","Yes"
3,208,"Female","No"
3,208,"Female","Yes"
3,208,"Female","Yes"
3,208,"Female","No"
3,310,"Male","No"
3,310,"Male","No"
3,310,"Male","Yes"
3,310,"Male","Yes"
3,310,"Male","Yes"
3,310,"Male","Yes"
3,310,"Male","No"
3,310,"Male","Yes"
3,310,"Male","No"
3,310,"Male","Yes"
3,310,"Male","No"
3,310,"Male","Yes"
3,310,"Male","No"
3,310,"Male","No"
3,310,"Male","No"
3,310,"Male","No"
3,310,"Male","No"
3,310,"Male","No"
3,310,"Male","No"
3,310,"Male","Yes"
3,310,"Male","No"
3,310,"Male","Yes"
3,310,"Male","Yes"
3,310,"Male","Yes"
3,310,"Male","Yes"
3,310,"Male","Yes"
3,310,"Male","Yes"
3,310,"Male","No"
3,310,"Male","Yes"
3,310,"Male","No"
3,310,"Female","No"
3,310,"Female","Yes"
3,310,"Female","No"
3,310,"Female","No"
3,310,"Female","Yes"
3,310,"Female","Yes"
3,310,"Female","No"
3,310,"Female","No"
3,310,"Female","No"
3,310,"Female","No"
3,310,"Female","No"
3,310,"Female","No"
3,310,"Female","No"
3,310,"Female","Yes"
3,310,"Female","No"
3,310,"Female","Yes"
3,310,"Female","Yes"
3,310,"Female","No"
3,310,"Female","No"
3,310,"Female","No"
3,310,"Female","No"
3,310,"Female","Yes"
3,310,"Female","No"
3,310,"Female","No"
3,310,"Female","No"
3,310,"Female","No"
3,310,"Female","Yes"
3,310,"Female","No"
3,310,"Female","No"
3,310,"Female","No"
3,309,"Male","Yes"
3,309,"Male","Yes"
3,309,"Male","Yes"
3,309,"Male","Yes"
3,309,"Male","Yes"
3,309,"Male","Yes"
3,309,"Male","No"
3,309,"Male","Yes"
3,309,"Male","Yes"
3,309,"Male","Yes"
3,309,"Male","Yes"
3,309,"Male","Yes"
3,309,"Male","No"
3,309,"Male","No"
3,309,"Male","No"
3,309,"Male","Yes"
3,309,"Male","Yes"
3,309,"Male","No"
3,309,"Male","Yes"
3,309,"Male","Yes"
3,309,"Male","Yes"
3,309,"Male","No"
3,309,"Male","Yes"
3,309,"Male","No"
3,309,"Male","Yes"
3,309,"Male","Yes"
3,309,"Male","Yes"
3,309,"Male","No"
3,309,"Male","Yes"
3,309,"Male","No"
3,309,"Female","Yes"
3,309,"Female","No"
3,309,"Female","No"
3,309,"Female","Yes"
3,309,"Female","Yes"
3,309,"Female","Yes"
3,309,"Female","Yes"
3,309,"Female","Yes"
3,309,"Female","Yes"
3,309,"Female","No"
3,309,"Female","Yes"
3,309,"Female","Yes"
3,309,"Female","Yes"
3,309,"Female","Yes"
3,309,"Female","No"
3,309,"Female","No"
3,309,"Female","Yes"
3,309,"Female","Yes"
3,309,"Female","Yes"
3,309,"Female","Yes"
3,309,"Female","No"
3,309,"Female","No"
3,309,"Female","No"
3,309,"Female","No"
3,309,"Female","No"
3,309,"Female","No"
3,309,"Female","Yes"
3,309,"Female","Yes"
3,309,"Female","No"
3,309,"Female","Yes"
