run,dose,sex,total_eggs
1,0,Female,11
1,0,Female,162
1,0,Female,21
1,0,Female,93
1,0,Female,35
1,0,Female,82
1,0,Female,83
1,0,Female,156
1,0,Female,88
1,0,Female,8
1,0,Female,53
1,0,Female,164
1,0,Female,14
1,0,Female,16
1,0,Female,27
1,6,Female,8
1,6,Female,0
1,6,Female,34
1,6,Female,2
1,6,Female,129
1,6,Female,58
1,6,Female,8
1,6,Female,10
2,6,Female,160
2,6,Female,165
2,6,Female,21
2,6,Female,159
2,6,Female,16
2,6,Female,17
2,6,Female,167
2,6,Female,0
2,6,Female,0
2,6,Female,29
2,6,Female,3
2,6,Female,11
2,6,Female,120
2,6,Female,136
2,6,Female,181
2,6,Female,12
2,6,Female,22
2,6,Female,182
2,176,Female,109
2,176,Female,22
2,176,Female,44
2,176,Female,70
2,176,Female,40
2,176,Female,9
2,176,Female,18
2,176,Female,117
1,177,Female,16
1,177,Female,3
1,177,Female,54
1,177,Female,17
1,177,Female,5
1,177,Female,7
1,177,Female,9
1,177,Female,2
1,177,Female,8
1,177,Female,7
1,177,Female,8
1,177,Female,3
1,177,Female,33
1,177,Female,9
1,177,Female,1
2,208,Female,69
2,208,Female,86
2,208,Female,22
2,208,Female,65
2,208,Female,35
2,208,Female,123
2,208,Female,155
2,208,Female,80
2,208,Female,0
2,208,Female,86
2,208,Female,0
2,208,Female,18
2,208,Female,1
2,208,Female,0
2,208,Female,64
2,208,Female,29
2,208,Female,44
2,208,Female,43
2,208,Female,4
2,208,Female,93
1,211,Female,62
1,211,Female,32
1,211,Female,14
1,211,Female,37
1,211,Female,3
1,211,Female,7
1,211,Female,2
1,211,Female,4
1,211,Female,19
1,211,Female,23
1,211,Female,10
1,211,Female,16
1,211,Female,6
1,211,Female,62
1,211,Female,0
1,211,Female,9
1,211,Female,36
2,309,Female,24
2,309,Female,0
2,309,Female,96
2,309,Female,61
2,309,Female,0
2,309,Female,6
2,309,Female,10
2,309,Female,78
2,309,Female,10
2,309,Female,9
2,309,Female,44
2,309,Female,2
2,309,Female,2
2,309,Female,67
2,309,Female,15
2,309,Female,18
2,309,Female,4
2,309,Female,68
2,310,Female,5
2,310,Female,14
2,310,Female,8
2,310,Female,29
2,310,Female,89
2,310,Female,183
2,310,Female,2
2,310,Female,0
1,405,Female,9
1,405,Female,31
1,405,Female,8
1,405,Female,9
1,405,Female,3
1,405,Female,20
1,405,Female,44
1,405,Female,61
1,405,Female,17
1,405,Female,40
1,405,Female,58
1,405,Female,9
1,405,Female,14
1,405,Female,4
1,405,Female,83
1,405,Female,39
1,405,Female,4
1,405,Female,68
1,405,Female,5
1,445,Female,13
1,445,Female,22
1,445,Female,0
1,445,Female,34
1,445,Female,50
1,445,Female,84
1,445,Female,37
1,445,Female,13
1,445,Female,23
1,445,Female,68
1,445,Female,27
1,445,Female,12
1,445,Female,0
1,445,Female,96
1,0,Male,3
1,0,Male,51
1,0,Male,2
1,0,Male,131
1,0,Male,67
1,0,Male,2
1,0,Male,149
1,0,Male,2
1,0,Male,24
1,0,Male,65
1,0,Male,51
1,0,Male,175
1,0,Male,52
1,0,Male,185
1,0,Male,42
1,0,Male,103
1,0,Male,77
1,0,Male,3
1,0,Male,38
1,0,Male,64
1,0,Male,165
1,0,Male,3
1,0,Male,64
1,6,Male,7
1,6,Male,37
1,6,Male,17
1,6,Male,7
1,6,Male,19
1,6,Male,7
1,6,Male,22
1,6,Male,12
1,6,Male,122
1,6,Male,133
1,6,Male,22
1,6,Male,53
1,6,Male,2
1,6,Male,2
1,6,Male,7
1,6,Male,71
2,6,Male,0
2,6,Male,26
2,6,Male,92
2,6,Male,5
2,6,Male,2
2,6,Male,27
2,6,Male,2
2,6,Male,6
2,6,Male,0
2,6,Male,77
2,6,Male,24
2,6,Male,0
2,6,Male,3
2,6,Male,38
2,176,Male,9
2,176,Male,31
2,176,Male,10
2,176,Male,5
2,176,Male,12
2,176,Male,4
2,176,Male,1
2,176,Male,12
2,176,Male,0
2,176,Male,3
2,176,Male,8
2,176,Male,36
2,176,Male,2
2,176,Male,10
2,176,Male,53
1,177,Male,38
1,177,Male,2
1,177,Male,27
1,177,Male,228
1,177,Male,34
1,177,Male,63
1,177,Male,33
1,177,Male,26
1,177,Male,54
1,177,Male,6
1,177,Male,32
1,177,Male,67
1,177,Male,51
1,177,Male,0
2,208,Male,10
2,208,Male,0
2,208,Male,0
2,208,Male,11
2,208,Male,22
2,208,Male,77
2,208,Male,2
2,208,Male,27
2,208,Male,140
2,208,Male,6
2,208,Male,29
2,208,Male,15
2,208,Male,19
2,208,Male,9
1,211,Male,2
1,211,Male,17
1,211,Male,14
1,211,Male,0
1,211,Male,5
1,211,Male,3
1,211,Male,34
1,211,Male,3
1,211,Male,4
1,211,Male,54
1,211,Male,25
1,211,Male,12
1,211,Male,14
1,211,Male,98
1,211,Male,49
1,211,Male,37
1,211,Male,91
1,211,Male,40.5
1,211,Male,14
1,211,Male,130
1,211,Male,57
1,211,Male,22
1,211,Male,10
2,309,Male,35
2,309,Male,18
2,309,Male,2
2,309,Male,13
2,309,Male,20
2,309,Male,6
2,309,Male,12
2,309,Male,2
2,309,Male,43
2,309,Male,7
2,309,Male,10
2,309,Male,7
2,309,Male,0
2,309,Male,32
2,309,Male,6
2,309,Male,21
2,309,Male,15
2,309,Male,14
2,309,Male,0
2,309,Male,7
2,309,Male,5
2,310,Male,10
2,310,Male,0
2,310,Male,21
2,310,Male,6
2,310,Male,4
2,310,Male,7
2,310,Male,22
2,310,Male,56
2,310,Male,11
2,310,Male,4
2,310,Male,2
2,310,Male,129
2,310,Male,0
2,310,Male,11
2,310,Male,19
1,405,Male,1
1,405,Male,31
1,405,Male,35
1,405,Male,3
1,405,Male,32
1,405,Male,106
1,405,Male,32
1,405,Male,9
1,405,Male,0
1,405,Male,44
1,405,Male,9
1,445,Male,1
1,445,Male,9
1,445,Male,66
1,445,Male,138
1,445,Male,60
1,445,Male,13
1,445,Male,47
1,445,Male,129
1,445,Male,24
1,445,Male,6
1,445,Male,41
1,445,Male,14
1,445,Male,6
1,445,Male,14
1,445,Male,23
1,445,Male,0
1,445,Male,1
1,445,Male,5
1,445,Male,40
1,445,Male,84
1,445,Male,20
1,445,Male,15
1,445,Male,136
